<?xml version="1.0" encoding="UTF-8"?>
<!DOCTYPE suite SYSTEM "http://testng.org/testng-1.0.dtd">
<suite guice-stage="DEVELOPMENT" name="Failed suite [s1]">
  <listeners>
    <listener class-name="listener.WebtestListener"/>
  </listeners>
  <test name="s1(failed)">
    <classes>
      <class name="test.testName">
        <methods>
          <include name="testLogin"/>
          <include name="doAfterMethod"/>
          <include name="testAddMessage3"/>
          <include name="doBeforeMethod"/>
        </methods>
      </class> <!-- test.testName -->
      <class name="test.Login">
        <methods>
          <include name="doAfterMethod"/>
          <include name="doBeforeMethod"/>
        </methods>
      </class> <!-- test.Login -->
      <class name="test.testEmail">
        <methods>
          <include name="doAfterMethod"/>
          <include name="testLogin"/>
          <include name="testAddMessage2"/>
          <include name="doBeforeMethod"/>
        </methods>
      </class> <!-- test.testEmail -->
      <class name="test.testPasswd">
        <methods>
          <include name="testAddMessage4"/>
          <include name="doAfterMethod"/>
          <include name="testLogin"/>
          <include name="doBeforeMethod"/>
        </methods>
      </class> <!-- test.testPasswd -->
      <class name="test.testNickname">
        <methods>
          <include name="doAfterMethod"/>
          <include name="doBeforeMethod"/>
        </methods>
      </class> <!-- test.testNickname -->
    </classes>
  </test> <!-- s1(failed) -->
</suite> <!-- Failed suite [s1] -->
