<?xml version="1.0" encoding="UTF-8"?>
<!DOCTYPE suite SYSTEM "http://testng.org/testng-1.0.dtd">
<suite guice-stage="DEVELOPMENT" name="Failed suite [s1]" parallel="none">
  <test name="s1(failed)" parallel="none">
    <classes>
      <class name="test.testAddAddress">
        <methods>
          <include name="testLogin"/>
          <include name="testAddAddress"/>
          <include name="doBeforeMethod"/>
        </methods>
      </class> <!-- test.testAddAddress -->
      <class name="test.testDeleteShopping">
        <methods>
          <include name="testDeleteShopping"/>
          <include name="testLogin"/>
          <include name="doBeforeMethod"/>
        </methods>
      </class> <!-- test.testDeleteShopping -->
      <class name="test.testAddShopping">
        <methods>
          <include name="testAddShopping"/>
          <include name="testLogin"/>
          <include name="doBeforeMethod"/>
        </methods>
      </class> <!-- test.testAddShopping -->
      <class name="test.testPayNone">
        <methods>
          <include name="testLogin"/>
          <include name="testPayNone"/>
          <include name="doBeforeMethod"/>
        </methods>
      </class> <!-- test.testPayNone -->
      <class name="test.testMassage">
        <methods>
          <include name="testLogin"/>
          <include name="testAddMessage"/>
          <include name="doBeforeMethod"/>
        </methods>
      </class> <!-- test.testMassage -->
      <class name="test.testPayAll">
        <methods>
          <include name="testLogin"/>
          <include name="testPayAll"/>
        </methods>
      </class> <!-- test.testPayAll -->
      <class name="test.testPayOne">
        <methods>
          <include name="testLogin"/>
          <include name="testPayOne"/>
          <include name="doBeforeMethod"/>
        </methods>
      </class> <!-- test.testPayOne -->
      <class name="test.testDeleteAddress">
        <methods>
          <include name="testLogin"/>
          <include name="testDeleteAddress"/>
          <include name="doBeforeMethod"/>
        </methods>
      </class> <!-- test.testDeleteAddress -->
      <class name="test.Login">
        <methods>
          <include name="doAfterMethod"/>
          <include name="doBeforeMethod"/>
        </methods>
      </class> <!-- test.Login -->
    </classes>
  </test> <!-- s1(failed) -->
</suite> <!-- Failed suite [s1] -->
